Survived,Pclass,Sex,SibSp,Parch,Fare,Embarked,CabinLetter,Title,Age
0,3,male,1,0,7.25,S,NoCabin,Mr.,22.0
1,1,female,1,0,71.2833,C,C,Mrs.,38.0
1,3,female,0,0,7.925,S,NoCabin,Miss.,26.0
1,1,female,1,0,53.1,S,C,Mrs.,35.0
0,3,male,0,0,8.05,S,NoCabin,Mr.,35.0
0,1,male,0,0,51.8625,S,E,Mr.,54.0
0,3,male,3,1,21.075,S,NoCabin,Master.,2.0
1,3,female,0,2,11.1333,S,NoCabin,Mrs.,27.0
1,2,female,1,0,30.0708,C,NoCabin,Mrs.,14.0
1,3,female,1,1,16.7,S,G,Miss.,4.0
1,1,female,0,0,26.55,S,C,Miss.,58.0
0,3,male,0,0,8.05,S,NoCabin,Mr.,20.0
0,3,male,1,5,31.275,S,NoCabin,Mr.,39.0
0,3,female,0,0,7.8542,S,NoCabin,Miss.,14.0
1,2,female,0,0,16.0,S,NoCabin,Mrs.,55.0
0,3,male,4,1,29.125,Q,NoCabin,Master.,2.0
0,3,female,1,0,18.0,S,NoCabin,Mrs.,31.0
0,2,male,0,0,26.0,S,NoCabin,Mr.,35.0
1,2,male,0,0,13.0,S,D,Mr.,34.0
1,3,female,0,0,8.0292,Q,NoCabin,Miss.,15.0
1,1,male,0,0,35.5,S,A,Mr.,28.0
0,3,female,3,1,21.075,S,NoCabin,Miss.,8.0
1,3,female,1,5,31.3875,S,NoCabin,Mrs.,38.0
0,1,male,3,2,263.0,S,C,Mr.,19.0
0,1,male,0,0,27.7208,C,NoCabin,Misc.,40.0
0,2,male,0,0,10.5,S,NoCabin,Mr.,66.0
0,1,male,1,0,82.1708,C,NoCabin,Mr.,28.0
0,1,male,1,0,52.0,S,NoCabin,Mr.,42.0
0,3,male,0,0,8.05,S,NoCabin,Mr.,21.0
0,3,female,2,0,18.0,S,NoCabin,Miss.,18.0
1,3,female,1,0,11.2417,C,NoCabin,Miss.,14.0
0,3,female,1,0,9.475,S,NoCabin,Mrs.,40.0
0,2,female,1,0,21.0,S,NoCabin,Mrs.,27.0
1,2,female,1,2,41.5792,C,NoCabin,Miss.,3.0
1,3,female,0,0,7.8792,Q,NoCabin,Miss.,19.0
0,3,female,1,0,17.8,S,NoCabin,Mrs.,18.0
0,3,male,4,1,39.6875,S,NoCabin,Master.,7.0
0,3,male,0,0,7.8,S,NoCabin,Mr.,21.0
1,1,female,1,0,76.7292,C,D,Mrs.,49.0
1,2,female,1,0,26.0,S,NoCabin,Mrs.,29.0
0,1,male,0,1,61.9792,C,B,Mr.,65.0
1,2,female,0,0,10.5,S,NoCabin,Miss.,21.0
0,3,male,0,0,7.2292,C,NoCabin,Mr.,28.5
1,2,female,1,2,27.75,S,NoCabin,Miss.,5.0
0,3,male,5,2,46.9,S,NoCabin,Master.,11.0
0,3,male,0,0,7.2292,C,NoCabin,Mr.,22.0
1,1,female,0,0,80.0,S,B,Miss.,38.0
0,1,male,1,0,83.475,S,C,Mr.,45.0
0,3,male,3,2,27.9,S,NoCabin,Master.,4.0
1,2,female,0,0,10.5,S,F,Mrs.,29.0
0,3,male,0,0,8.1583,S,NoCabin,Mr.,19.0
1,3,female,4,2,7.925,S,NoCabin,Miss.,17.0
0,3,male,2,0,8.6625,S,NoCabin,Mr.,26.0
0,2,male,0,0,10.5,S,NoCabin,Mr.,32.0
0,3,female,5,2,46.9,S,NoCabin,Miss.,16.0
0,2,male,0,0,73.5,S,NoCabin,Mr.,21.0
0,3,male,1,0,14.4542,C,NoCabin,Mr.,26.0
1,3,male,0,0,56.4958,S,NoCabin,Mr.,32.0
0,3,male,0,0,7.65,S,F,Mr.,25.0
1,2,male,0,2,29.0,S,NoCabin,Master.,0.83
1,3,female,0,0,12.475,S,NoCabin,Miss.,30.0
0,3,male,0,0,9.0,S,NoCabin,Mr.,22.0
1,3,male,0,0,9.5,S,NoCabin,Mr.,29.0
0,1,male,0,0,47.1,S,NoCabin,Mr.,28.0
1,2,female,0,0,10.5,S,NoCabin,Miss.,17.0
1,3,female,3,0,15.85,S,NoCabin,Mrs.,33.0
0,3,male,1,3,34.375,S,NoCabin,Mr.,16.0
1,1,female,3,2,263.0,S,C,Miss.,23.0
0,3,male,0,0,8.05,S,NoCabin,Mr.,24.0
0,3,male,0,0,8.05,S,NoCabin,Mr.,29.0
0,3,male,0,0,7.8542,S,NoCabin,Mr.,20.0
0,1,male,1,0,61.175,S,E,Mr.,46.0
0,3,male,1,2,20.575,S,NoCabin,Mr.,26.0
0,3,male,0,0,7.25,S,NoCabin,Mr.,59.0
0,1,male,0,0,34.6542,C,A,Mr.,71.0
1,1,male,0,1,63.3583,C,D,Mr.,23.0
1,2,female,0,1,23.0,S,NoCabin,Mrs.,34.0
0,2,male,1,0,26.0,S,NoCabin,Mr.,34.0
0,3,female,0,0,7.8958,S,NoCabin,Miss.,28.0
0,1,male,0,1,77.2875,S,D,Mr.,21.0
0,3,male,0,0,8.6542,S,NoCabin,Mr.,33.0
0,3,male,2,0,7.925,S,NoCabin,Mr.,37.0
0,3,male,0,0,7.8958,S,NoCabin,Mr.,28.0
1,3,female,0,0,7.65,S,NoCabin,Miss.,21.0
0,3,male,0,0,7.8958,S,NoCabin,Mr.,38.0
0,1,male,0,0,52.0,S,C,Mr.,47.0
0,3,female,1,0,14.4542,C,NoCabin,Miss.,14.5
0,3,male,0,0,8.05,S,NoCabin,Mr.,22.0
0,3,female,1,0,9.825,S,NoCabin,Miss.,20.0
0,3,female,0,0,14.4583,C,NoCabin,Miss.,17.0
0,3,male,0,0,7.925,S,NoCabin,Mr.,21.0
0,3,male,0,0,7.75,Q,NoCabin,Mr.,70.5
0,2,male,1,0,21.0,S,NoCabin,Mr.,29.0
0,1,male,0,1,247.5208,C,B,Mr.,24.0
0,3,female,4,2,31.275,S,NoCabin,Miss.,2.0
0,2,male,2,0,73.5,S,NoCabin,Mr.,21.0
0,2,male,1,0,30.0708,C,NoCabin,Mr.,32.5
1,2,female,0,0,13.0,S,E,Miss.,32.5
0,1,male,0,1,77.2875,S,D,Mr.,54.0
1,3,male,1,0,11.2417,C,NoCabin,Master.,12.0
1,3,male,0,0,7.1417,S,NoCabin,Mr.,24.0
0,3,male,0,0,6.975,S,NoCabin,Mr.,45.0
0,3,male,0,0,7.8958,C,NoCabin,Mr.,33.0
0,3,male,0,0,7.05,S,NoCabin,Mr.,20.0
0,3,female,1,0,14.5,S,NoCabin,Mrs.,47.0
1,2,female,1,0,26.0,S,NoCabin,Mrs.,29.0
0,2,male,0,0,13.0,S,NoCabin,Mr.,25.0
0,2,male,0,0,15.0458,C,NoCabin,Mr.,23.0
1,1,female,0,2,26.2833,S,D,Miss.,19.0
0,1,male,1,0,53.1,S,C,Mr.,37.0
0,3,male,0,0,9.2167,S,NoCabin,Mr.,16.0
0,1,male,0,0,79.2,C,B,Mr.,24.0
1,3,female,0,0,7.75,S,NoCabin,Miss.,22.0
1,3,female,1,0,15.85,S,NoCabin,Mrs.,24.0
0,3,male,0,0,6.75,Q,NoCabin,Mr.,19.0
0,2,male,0,0,11.5,S,NoCabin,Mr.,18.0
0,2,male,1,1,36.75,S,NoCabin,Mr.,19.0
1,3,male,0,0,7.7958,S,NoCabin,Mr.,27.0
0,3,female,2,2,34.375,S,NoCabin,Miss.,9.0
0,2,male,0,2,26.0,S,F,Mr.,36.5
0,2,male,0,0,13.0,S,NoCabin,Misc.,42.0
0,2,male,0,0,12.525,S,NoCabin,Misc.,51.0
1,1,female,1,0,66.6,S,C,Mrs.,22.0
0,3,male,0,0,8.05,S,NoCabin,Mr.,55.5
0,3,male,0,2,14.5,S,NoCabin,Mr.,40.5
0,1,male,0,1,61.3792,C,NoCabin,Mr.,51.0
1,3,female,0,0,7.7333,Q,NoCabin,Miss.,16.0
0,3,male,0,0,8.05,S,NoCabin,Mr.,30.0
0,3,male,0,1,16.1,S,NoCabin,Mr.,44.0
1,2,female,0,0,15.75,S,NoCabin,Mrs.,40.0
0,3,male,0,0,7.775,S,NoCabin,Mr.,26.0
0,3,male,0,0,8.6625,S,NoCabin,Mr.,17.0
0,3,male,4,1,39.6875,S,NoCabin,Master.,1.0
1,3,male,0,2,20.525,S,NoCabin,Master.,9.0
0,3,female,1,4,27.9,S,NoCabin,Mrs.,45.0
0,3,male,0,0,56.4958,S,NoCabin,Mr.,28.0
0,1,male,0,0,33.5,S,B,Mr.,61.0
0,3,male,4,1,29.125,Q,NoCabin,Master.,4.0
1,3,female,1,1,11.1333,S,NoCabin,Miss.,1.0
0,3,male,0,0,7.925,S,NoCabin,Mr.,21.0
0,1,male,0,0,30.6958,C,A,Mr.,56.0
0,3,male,1,1,7.8542,S,NoCabin,Mr.,18.0
0,1,female,0,0,28.7125,C,C,Miss.,50.0
0,2,male,0,0,13.0,S,NoCabin,Mr.,30.0
0,3,male,0,0,0.0,S,NoCabin,Mr.,36.0
0,3,male,4,2,31.3875,S,NoCabin,Master.,9.0
1,2,male,2,1,39.0,S,F,Master.,1.0
1,3,female,0,2,22.025,S,NoCabin,Miss.,4.0
1,1,male,0,0,26.55,S,NoCabin,Mr.,45.0
0,3,male,1,1,15.5,Q,NoCabin,Mr.,40.0
0,3,male,0,0,7.8958,S,NoCabin,Mr.,36.0
1,2,female,0,0,13.0,S,NoCabin,Mrs.,32.0
0,2,male,0,0,13.0,S,NoCabin,Mr.,19.0
1,3,female,1,0,7.8542,S,NoCabin,Miss.,19.0
1,2,male,1,1,26.0,S,F,Master.,3.0
1,1,female,0,0,27.7208,C,B,Mrs.,44.0
1,1,female,0,0,146.5208,C,B,Miss.,58.0
0,3,male,0,1,8.4042,S,NoCabin,Mr.,42.0
0,2,female,0,0,13.0,S,NoCabin,Miss.,24.0
0,3,male,0,0,9.5,S,NoCabin,Mr.,28.0
0,3,male,0,0,6.4958,S,NoCabin,Mr.,34.0
0,3,male,0,0,7.225,C,NoCabin,Mr.,45.5
1,3,male,0,0,8.05,S,NoCabin,Mr.,18.0
0,3,female,0,1,10.4625,S,G,Miss.,2.0
0,3,male,1,0,15.85,S,NoCabin,Mr.,32.0
1,3,male,0,0,18.7875,C,NoCabin,Mr.,26.0
1,3,female,0,0,7.75,Q,NoCabin,Miss.,16.0
1,1,male,0,0,31.0,C,A,Mr.,40.0
0,3,male,0,0,7.05,S,NoCabin,Mr.,24.0
1,2,female,0,0,21.0,S,NoCabin,Miss.,35.0
0,3,male,0,0,7.25,S,NoCabin,Mr.,22.0
0,2,male,0,0,13.0,S,NoCabin,Mr.,30.0
1,1,female,1,0,113.275,C,D,Miss.,31.0
1,3,female,0,0,7.925,S,NoCabin,Miss.,27.0
0,2,male,1,0,27.0,S,NoCabin,Mr.,42.0
1,1,female,0,0,76.2917,C,D,Miss.,32.0
0,2,male,0,0,10.5,S,NoCabin,Mr.,30.0
1,3,male,0,0,8.05,S,NoCabin,Mr.,16.0
0,2,male,0,0,13.0,S,NoCabin,Mr.,27.0
0,3,male,0,0,8.05,S,NoCabin,Mr.,51.0
1,1,male,1,0,90.0,S,C,Mr.,38.0
0,3,male,0,0,9.35,S,NoCabin,Mr.,22.0
1,2,male,0,0,10.5,S,NoCabin,Mr.,19.0
0,3,male,0,0,7.25,S,NoCabin,Mr.,20.5
0,2,male,0,0,13.0,S,NoCabin,Mr.,18.0
1,1,female,1,0,83.475,S,C,Mrs.,35.0
0,3,male,0,0,7.775,S,NoCabin,Mr.,29.0
0,2,male,0,0,13.5,S,NoCabin,Mr.,59.0
1,3,female,4,2,31.3875,S,NoCabin,Miss.,5.0
0,2,male,0,0,10.5,S,NoCabin,Mr.,24.0
0,2,male,1,0,26.0,S,NoCabin,Mr.,44.0
1,2,female,0,2,26.25,S,NoCabin,Miss.,8.0
0,2,male,0,0,10.5,S,NoCabin,Mr.,19.0
0,2,male,0,0,12.275,S,NoCabin,Mr.,33.0
0,2,male,0,0,10.5,S,NoCabin,Mr.,29.0
0,3,male,0,0,7.125,S,NoCabin,Mr.,22.0
0,3,male,0,0,7.225,C,NoCabin,Mr.,30.0
0,1,male,2,0,90.0,Q,C,Misc.,44.0
0,3,female,0,0,7.775,S,NoCabin,Miss.,25.0
1,2,female,0,2,14.5,S,NoCabin,Mrs.,24.0
1,1,male,1,1,52.5542,S,D,Mr.,37.0
0,2,male,1,0,26.0,S,NoCabin,Misc.,54.0
0,3,female,1,1,10.4625,S,G,Mrs.,29.0
0,1,male,0,0,26.55,S,C,Mr.,62.0
0,3,male,1,0,16.1,S,NoCabin,Mr.,30.0
0,3,female,0,2,20.2125,S,NoCabin,Mrs.,41.0
1,3,female,0,2,15.2458,C,NoCabin,Mrs.,29.0
1,1,female,0,0,86.5,S,B,Miss.,30.0
1,1,female,0,0,512.3292,C,NoCabin,Miss.,35.0
1,2,female,0,1,26.0,S,NoCabin,Mrs.,50.0
1,3,male,4,2,31.3875,S,NoCabin,Master.,3.0
0,1,male,1,1,79.65,S,E,Mr.,52.0
0,1,male,0,0,0.0,S,B,Mr.,40.0
0,2,male,0,0,10.5,S,NoCabin,Mr.,36.0
0,3,male,4,1,39.6875,S,NoCabin,Mr.,16.0
1,3,male,1,0,7.775,S,NoCabin,Mr.,25.0
1,1,female,0,1,153.4625,S,C,Mrs.,58.0
1,1,female,0,0,135.6333,S,C,Miss.,35.0
1,3,male,0,0,0.0,S,NoCabin,Mr.,25.0
1,2,female,0,1,19.5,S,NoCabin,Mrs.,41.0
0,1,male,0,1,29.7,C,C,Mr.,37.0
1,1,female,1,0,77.9583,S,D,Miss.,63.0
0,3,female,0,0,7.75,S,NoCabin,Miss.,45.0
0,3,male,4,1,29.125,Q,NoCabin,Master.,7.0
1,3,female,1,1,20.25,S,NoCabin,Mrs.,35.0
0,3,male,0,0,7.75,Q,NoCabin,Mr.,65.0
0,3,male,0,0,7.8542,S,NoCabin,Mr.,28.0
0,3,male,0,0,9.5,S,NoCabin,Mr.,16.0
1,3,male,0,0,8.05,S,NoCabin,Mr.,19.0
0,3,male,0,0,8.6625,C,NoCabin,Mr.,33.0
1,3,male,0,0,9.5,S,NoCabin,Mr.,30.0
0,3,male,0,0,7.8958,S,NoCabin,Mr.,22.0
1,2,male,0,0,13.0,S,NoCabin,Mr.,42.0
1,3,female,0,0,7.75,Q,NoCabin,Miss.,22.0
1,1,female,0,0,78.85,S,NoCabin,Miss.,26.0
1,1,female,1,0,91.0792,C,B,Mrs.,19.0
0,2,male,0,0,12.875,C,D,Mr.,36.0
0,3,female,0,0,8.85,S,NoCabin,Miss.,24.0
0,3,male,0,0,7.8958,S,NoCabin,Mr.,24.0
0,3,male,0,0,7.2292,C,NoCabin,Mr.,23.5
0,1,female,1,2,151.55,S,C,Miss.,2.0
1,1,female,0,1,247.5208,C,B,Mrs.,50.0
0,3,male,0,0,0.0,S,NoCabin,Mr.,19.0
1,1,male,1,2,151.55,S,C,Master.,0.92
1,1,female,1,0,108.9,C,C,Mrs.,17.0
0,2,male,1,0,24.0,C,NoCabin,Mr.,30.0
1,1,female,0,0,56.9292,C,E,Miss.,30.0
1,1,female,0,0,83.1583,C,C,Miss.,24.0
1,1,female,2,2,262.375,C,B,Miss.,18.0
0,2,female,1,1,26.0,S,NoCabin,Mrs.,26.0
0,3,male,0,0,7.8958,S,NoCabin,Mr.,28.0
0,2,male,1,1,26.25,S,NoCabin,Mr.,43.0
1,3,female,0,0,7.8542,S,NoCabin,Miss.,26.0
1,2,female,1,0,26.0,S,NoCabin,Mrs.,24.0
0,2,male,0,0,14.0,S,NoCabin,Misc.,54.0
1,1,female,0,2,164.8667,S,C,Miss.,31.0
1,1,female,1,1,134.5,C,E,Mrs.,40.0
0,3,male,0,0,7.25,S,NoCabin,Mr.,22.0
0,3,male,0,0,7.8958,S,NoCabin,Mr.,27.0
1,2,female,0,0,12.35,Q,NoCabin,Miss.,30.0
1,2,female,1,1,29.0,S,NoCabin,Mrs.,22.0
1,1,female,0,0,135.6333,C,C,Miss.,36.0
0,3,male,0,0,6.2375,S,NoCabin,Mr.,61.0
1,2,female,0,0,13.0,S,D,Mrs.,36.0
1,3,female,1,1,20.525,S,NoCabin,Mrs.,31.0
1,1,female,0,1,57.9792,C,B,Miss.,16.0
0,1,male,0,0,28.5,S,C,Mr.,45.5
0,1,male,0,1,153.4625,S,C,Mr.,38.0
0,3,male,2,0,18.0,S,NoCabin,Mr.,16.0
0,1,male,1,0,66.6,S,C,Mr.,29.0
1,1,female,0,0,134.5,C,E,Miss.,41.0
1,3,male,0,0,8.05,S,NoCabin,Mr.,45.0
0,1,male,0,0,35.5,S,T,Mr.,45.0
1,2,male,1,1,26.0,S,F,Master.,2.0
1,1,female,3,2,263.0,S,C,Miss.,24.0
0,2,male,0,0,13.0,S,NoCabin,Mr.,28.0
0,2,male,0,0,13.0,S,NoCabin,Mr.,25.0
0,2,male,0,0,13.0,S,NoCabin,Mr.,36.0
1,2,female,0,0,13.0,S,F,Miss.,24.0
1,2,female,0,0,13.0,S,NoCabin,Miss.,40.0
1,3,male,1,1,15.9,S,NoCabin,Master.,3.0
0,3,male,0,0,8.6625,S,NoCabin,Mr.,42.0
0,3,male,0,0,9.225,S,NoCabin,Mr.,23.0
0,3,male,1,1,7.2292,C,NoCabin,Mr.,15.0
0,3,male,1,0,17.8,S,NoCabin,Mr.,25.0
0,3,male,0,0,9.5,S,NoCabin,Mr.,28.0
1,1,female,0,1,55.0,S,E,Miss.,22.0
0,2,female,0,0,13.0,S,NoCabin,Miss.,38.0
0,3,male,1,4,27.9,S,NoCabin,Mr.,40.0
0,2,male,1,0,27.7208,C,NoCabin,Mr.,29.0
0,3,female,0,1,14.4542,C,NoCabin,Mrs.,45.0
0,3,male,0,0,7.05,S,NoCabin,Mr.,35.0
0,3,male,0,0,7.25,S,NoCabin,Mr.,30.0
1,1,female,1,0,75.25,C,D,Mrs.,60.0
1,1,female,0,0,69.3,C,B,Misc.,24.0
1,1,male,1,0,55.4417,C,E,Mr.,25.0
0,3,male,1,0,6.4958,S,NoCabin,Mr.,18.0
0,3,male,0,0,8.05,S,NoCabin,Mr.,19.0
0,1,male,0,0,135.6333,C,NoCabin,Mr.,22.0
0,3,female,3,1,21.075,S,NoCabin,Miss.,3.0
1,3,female,0,0,7.25,S,NoCabin,Miss.,22.0
0,1,male,0,2,211.5,C,C,Mr.,27.0
0,3,male,0,0,4.0125,C,NoCabin,Mr.,20.0
0,3,male,0,0,7.775,S,NoCabin,Mr.,19.0
1,1,female,0,0,227.525,C,NoCabin,Miss.,42.0
1,3,female,0,2,15.7417,C,NoCabin,Miss.,1.0
0,3,male,0,0,7.925,S,NoCabin,Mr.,32.0
1,1,female,1,0,52.0,S,NoCabin,Mrs.,35.0
0,2,male,0,0,73.5,S,NoCabin,Mr.,18.0
0,3,male,5,2,46.9,S,NoCabin,Master.,1.0
1,2,female,0,0,13.0,S,NoCabin,Miss.,36.0
1,2,female,0,0,12.0,C,NoCabin,Miss.,17.0
1,1,male,1,2,120.0,S,B,Mr.,36.0
1,3,male,0,0,7.7958,S,NoCabin,Mr.,21.0
0,3,male,2,0,7.925,S,NoCabin,Mr.,28.0
1,1,female,1,0,113.275,C,D,Miss.,23.0
1,3,female,0,2,16.7,S,G,Mrs.,24.0
0,3,male,0,0,7.7958,S,NoCabin,Mr.,22.0
0,3,female,0,0,7.8542,S,NoCabin,Miss.,31.0
0,2,male,0,0,26.0,S,NoCabin,Mr.,46.0
0,2,male,0,0,10.5,S,NoCabin,Misc.,23.0
1,2,female,0,0,12.65,S,NoCabin,Mrs.,28.0
1,3,male,0,0,7.925,S,NoCabin,Mr.,39.0
0,3,male,0,0,8.05,S,NoCabin,Mr.,26.0
0,3,female,1,0,9.825,S,NoCabin,Miss.,21.0
0,3,male,1,0,15.85,S,NoCabin,Mr.,28.0
0,3,female,0,0,8.6625,S,NoCabin,Miss.,20.0
0,2,male,1,0,21.0,S,NoCabin,Mr.,34.0
0,3,male,0,0,7.75,S,NoCabin,Mr.,51.0
1,2,male,1,1,18.75,S,NoCabin,Master.,3.0
0,3,male,0,0,7.775,S,NoCabin,Mr.,21.0
1,1,female,1,0,90.0,Q,C,Miss.,33.0
1,3,male,0,0,7.925,S,NoCabin,Mr.,44.0
1,2,female,1,1,32.5,S,NoCabin,Mrs.,34.0
1,2,female,0,2,13.0,S,NoCabin,Miss.,18.0
0,2,male,0,0,13.0,S,NoCabin,Mr.,30.0
0,3,female,0,2,24.15,S,NoCabin,Miss.,10.0
0,3,male,0,0,7.7333,Q,NoCabin,Mr.,21.0
0,3,male,0,0,7.875,S,NoCabin,Mr.,29.0
0,3,female,1,1,14.4,S,NoCabin,Mrs.,28.0
0,3,male,1,1,20.2125,S,NoCabin,Mr.,18.0
1,2,female,1,0,26.0,S,NoCabin,Mrs.,28.0
1,2,female,0,0,26.0,S,NoCabin,Miss.,19.0
1,3,male,0,0,8.05,S,E,Mr.,32.0
1,1,male,0,0,26.55,S,C,Mr.,28.0
1,2,female,1,0,26.0,S,NoCabin,Mrs.,42.0
0,3,male,0,0,7.125,S,NoCabin,Mr.,17.0
0,1,male,1,0,55.9,S,E,Mr.,50.0
1,1,female,1,2,120.0,S,B,Miss.,14.0
0,3,female,2,2,34.375,S,NoCabin,Miss.,21.0
1,2,female,2,3,18.75,S,NoCabin,Mrs.,24.0
0,1,male,1,4,263.0,S,C,Mr.,64.0
0,2,male,0,0,10.5,S,NoCabin,Mr.,31.0
1,2,female,1,1,26.25,S,NoCabin,Mrs.,45.0
0,3,male,0,0,9.5,S,NoCabin,Mr.,20.0
0,3,male,1,0,7.775,S,NoCabin,Mr.,25.0
1,2,female,0,0,13.0,S,NoCabin,Misc.,28.0
1,1,male,0,2,81.8583,S,A,Master.,4.0
1,2,female,0,1,19.5,S,NoCabin,Miss.,13.0
1,1,male,0,0,26.55,S,NoCabin,Mr.,34.0
1,3,female,2,1,19.2583,C,NoCabin,Miss.,5.0
1,1,male,0,0,30.5,S,C,Misc.,52.0
0,2,male,1,2,27.75,S,NoCabin,Mr.,36.0
0,1,male,0,0,27.75,C,C,Mr.,30.0
1,1,male,1,0,89.1042,C,C,Mr.,49.0
1,3,male,0,0,7.8958,C,NoCabin,Mr.,29.0
0,1,male,0,0,26.55,S,E,Mr.,65.0
1,2,female,0,0,10.5,S,NoCabin,Miss.,50.0
1,1,male,0,0,26.55,S,E,Mr.,48.0
0,3,male,0,0,8.05,S,NoCabin,Mr.,34.0
0,1,male,0,0,38.5,S,E,Mr.,47.0
0,2,male,0,0,13.0,S,NoCabin,Mr.,48.0
0,3,male,0,0,7.05,S,NoCabin,Mr.,38.0
0,1,male,0,0,26.55,S,NoCabin,Mr.,56.0
1,3,female,2,1,19.2583,C,NoCabin,Miss.,0.75
0,3,male,0,0,8.6625,S,NoCabin,Mr.,38.0
1,2,female,1,2,27.75,S,NoCabin,Mrs.,33.0
1,2,female,0,0,13.7917,C,D,Mrs.,23.0
0,3,female,0,0,9.8375,S,NoCabin,Miss.,22.0
0,2,male,1,0,21.0,S,NoCabin,Mr.,34.0
0,3,male,1,0,7.0458,S,NoCabin,Mr.,29.0
0,3,male,0,0,7.5208,S,NoCabin,Mr.,22.0
1,3,female,0,1,12.2875,S,NoCabin,Miss.,2.0
0,3,male,5,2,46.9,S,NoCabin,Master.,9.0
0,3,male,0,0,8.05,S,NoCabin,Mr.,50.0
1,3,female,0,0,9.5875,S,NoCabin,Mrs.,63.0
1,1,male,1,0,91.0792,C,B,Mr.,25.0
1,1,female,1,0,90.0,S,C,Mrs.,35.0
0,1,male,0,0,29.7,C,B,Mr.,58.0
0,3,male,0,0,8.05,S,NoCabin,Mr.,30.0
1,3,male,1,1,15.9,S,NoCabin,Master.,9.0
0,3,male,0,0,7.25,S,NoCabin,Mr.,21.0
0,1,male,0,0,30.5,S,C,Mr.,55.0
0,1,male,0,0,49.5042,C,NoCabin,Mr.,71.0
0,3,male,0,0,8.05,S,NoCabin,Mr.,21.0
1,1,female,1,0,78.2667,C,D,Miss.,54.0
0,1,female,1,2,151.55,S,C,Mrs.,25.0
0,3,male,0,0,7.7958,S,NoCabin,Mr.,24.0
0,3,male,0,0,8.6625,S,NoCabin,Mr.,17.0
0,3,female,0,0,7.75,Q,NoCabin,Miss.,21.0
0,3,female,0,0,9.5875,S,NoCabin,Miss.,37.0
1,1,female,0,0,86.5,S,B,Miss.,16.0
0,1,male,1,0,108.9,C,C,Mr.,18.0
1,2,female,0,2,26.0,S,NoCabin,Mrs.,33.0
0,3,male,0,0,22.525,S,NoCabin,Mr.,28.0
1,3,male,0,0,56.4958,S,NoCabin,Mr.,26.0
1,3,male,0,0,7.75,Q,NoCabin,Mr.,29.0
1,1,male,0,0,26.2875,S,E,Mr.,36.0
1,1,female,1,0,59.4,C,NoCabin,Mrs.,54.0
0,3,male,0,0,7.4958,S,NoCabin,Mr.,24.0
0,1,male,0,0,34.0208,S,D,Mr.,47.0
1,2,female,0,0,10.5,S,F,Mrs.,34.0
1,2,female,1,0,26.0,S,NoCabin,Mrs.,36.0
0,3,male,0,0,7.8958,S,NoCabin,Mr.,32.0
1,1,female,0,0,93.5,S,B,Miss.,30.0
0,3,male,0,0,7.8958,S,NoCabin,Mr.,22.0
1,1,female,0,1,57.9792,C,B,Mrs.,44.0
0,3,male,0,0,7.75,Q,NoCabin,Mr.,40.5
1,2,female,0,0,10.5,S,NoCabin,Miss.,50.0
0,3,male,0,0,7.925,S,NoCabin,Mr.,39.0
0,2,male,2,1,11.5,S,NoCabin,Mr.,23.0
1,2,female,1,1,26.0,S,NoCabin,Miss.,2.0
0,3,male,1,1,7.2292,C,NoCabin,Mr.,17.0
0,3,female,0,0,8.6625,S,NoCabin,Miss.,30.0
1,2,female,0,2,26.25,S,NoCabin,Miss.,7.0
0,1,male,0,0,26.55,S,B,Misc.,45.0
1,1,female,0,0,106.425,C,NoCabin,Miss.,30.0
1,1,female,0,2,49.5,C,B,Miss.,22.0
1,1,female,0,2,71.0,S,B,Miss.,36.0
0,3,female,4,2,31.275,S,NoCabin,Miss.,9.0
0,3,female,4,2,31.275,S,NoCabin,Miss.,11.0
1,2,male,1,0,26.0,S,NoCabin,Mr.,32.0
0,1,male,1,0,106.425,C,C,Mr.,50.0
0,1,male,0,0,26.0,S,NoCabin,Mr.,64.0
1,2,female,1,0,26.0,S,NoCabin,Mrs.,19.0
0,3,male,1,1,20.525,S,NoCabin,Mr.,33.0
1,2,male,1,1,36.75,S,NoCabin,Master.,8.0
1,1,male,0,2,110.8833,C,C,Mr.,17.0
0,2,male,0,0,26.0,S,NoCabin,Mr.,27.0
1,3,male,0,0,7.225,C,NoCabin,Mr.,22.0
1,3,female,0,0,7.775,S,NoCabin,Miss.,22.0
0,1,male,0,0,26.55,S,NoCabin,Mr.,62.0
1,1,female,1,0,39.6,C,A,Misc.,48.0
1,1,female,1,1,79.65,S,E,Mrs.,39.0
1,3,female,1,0,17.4,S,NoCabin,Mrs.,36.0
0,3,male,0,0,7.8958,S,NoCabin,Mr.,40.0
0,2,male,0,0,13.5,S,NoCabin,Mr.,28.0
0,3,male,2,0,24.15,S,NoCabin,Mr.,24.0
0,3,male,0,0,7.8958,S,NoCabin,Mr.,19.0
0,3,female,0,4,21.075,S,NoCabin,Mrs.,29.0
1,3,male,0,0,7.8542,S,NoCabin,Mr.,32.0
1,2,male,0,0,10.5,S,NoCabin,Mr.,62.0
1,1,female,2,0,51.4792,S,C,Mrs.,53.0
1,1,male,0,0,26.3875,S,E,Mr.,36.0
0,3,male,0,0,8.05,S,NoCabin,Mr.,16.0
0,3,male,0,0,14.5,S,NoCabin,Mr.,19.0
1,2,female,0,0,13.0,S,NoCabin,Miss.,34.0
1,1,female,1,0,55.9,S,E,Mrs.,39.0
1,3,male,0,0,7.925,S,NoCabin,Mr.,32.0
1,2,female,1,1,30.0,S,NoCabin,Miss.,25.0
1,1,female,1,1,110.8833,C,C,Mrs.,39.0
0,2,male,0,0,26.0,S,NoCabin,Mr.,54.0
0,1,male,0,0,40.125,C,A,Mr.,36.0
1,1,female,0,2,79.65,S,E,Miss.,18.0
0,2,male,0,0,15.0,S,NoCabin,Mr.,47.0
1,1,male,1,1,79.2,C,B,Mr.,60.0
0,3,male,0,0,8.05,S,NoCabin,Mr.,22.0
0,3,male,0,0,7.125,S,NoCabin,Mr.,35.0
1,1,female,1,0,78.2667,C,D,Mrs.,52.0
0,3,male,0,0,7.25,S,NoCabin,Mr.,47.0
0,2,male,1,0,26.0,S,NoCabin,Mr.,37.0
0,3,male,1,1,24.15,S,NoCabin,Mr.,36.0
0,3,male,0,0,0.0,S,NoCabin,Mr.,49.0
1,1,male,1,0,56.9292,C,A,Misc.,49.0
1,2,female,2,1,27.0,S,NoCabin,Mrs.,24.0
0,3,male,0,0,8.05,S,NoCabin,Mr.,44.0
1,1,male,0,0,26.55,C,NoCabin,Mr.,35.0
0,3,male,1,0,15.55,S,NoCabin,Mr.,36.0
0,3,male,0,0,7.8958,S,NoCabin,Mr.,30.0
1,1,male,0,0,30.5,S,NoCabin,Mr.,27.0
1,2,female,1,2,41.5792,C,NoCabin,Mrs.,22.0
1,1,female,0,0,153.4625,S,C,Miss.,40.0
0,3,female,1,5,31.275,S,NoCabin,Mrs.,39.0
0,3,male,0,0,8.05,S,NoCabin,Mr.,35.0
1,2,female,1,2,65.0,S,NoCabin,Miss.,24.0
0,3,male,1,1,14.4,S,NoCabin,Mr.,34.0
0,3,female,1,0,16.1,S,NoCabin,Mrs.,26.0
1,2,female,2,1,39.0,S,F,Miss.,4.0
0,2,male,0,0,10.5,S,NoCabin,Mr.,26.0
0,3,male,1,0,14.4542,C,NoCabin,Mr.,27.0
1,1,male,1,0,52.5542,S,D,Mr.,42.0
1,3,male,1,1,15.7417,C,NoCabin,Mr.,20.0
0,3,male,0,0,7.8542,S,NoCabin,Mr.,21.0
0,3,male,0,0,16.1,S,NoCabin,Mr.,21.0
0,1,male,0,0,32.3208,S,D,Mr.,61.0
0,2,male,0,0,12.35,Q,NoCabin,Misc.,57.0
1,1,female,0,0,77.9583,S,D,Miss.,21.0
0,3,male,0,0,7.8958,S,NoCabin,Mr.,26.0
1,1,male,0,0,30.0,S,A,Mr.,80.0
0,3,male,0,0,7.0542,S,NoCabin,Mr.,51.0
1,1,male,0,0,30.5,C,B,Misc.,32.0
0,3,female,3,2,27.9,S,NoCabin,Miss.,9.0
1,2,female,0,0,13.0,S,NoCabin,Miss.,28.0
0,3,male,0,0,7.925,S,NoCabin,Mr.,32.0
0,2,male,1,1,26.25,S,NoCabin,Mr.,31.0
0,3,female,0,5,39.6875,S,NoCabin,Mrs.,41.0
0,3,male,0,0,7.8542,S,NoCabin,Mr.,20.0
1,1,female,0,0,69.3,C,B,Misc.,24.0
0,3,female,3,2,27.9,S,NoCabin,Miss.,2.0
1,3,female,2,1,19.2583,C,NoCabin,Miss.,0.75
1,1,male,1,0,76.7292,C,D,Mr.,48.0
0,3,male,0,0,7.8958,S,NoCabin,Mr.,19.0
1,1,male,0,0,35.5,C,A,Misc.,56.0
1,3,female,0,0,7.55,S,NoCabin,Miss.,23.0
1,2,female,0,1,23.0,S,NoCabin,Miss.,18.0
0,3,male,0,0,8.4333,S,NoCabin,Mr.,21.0
0,3,female,0,0,6.75,Q,NoCabin,Miss.,18.0
0,2,male,2,0,73.5,S,NoCabin,Mr.,24.0
0,3,female,1,1,15.5,Q,NoCabin,Mrs.,32.0
0,2,male,0,0,13.0,S,NoCabin,Mr.,23.0
0,1,male,0,2,113.275,C,D,Mr.,58.0
1,1,male,2,0,133.65,S,NoCabin,Misc.,50.0
0,3,male,0,0,7.225,C,NoCabin,Mr.,40.0
0,1,male,0,0,25.5875,S,E,Mr.,47.0
0,3,male,0,0,7.4958,S,NoCabin,Mr.,36.0
1,3,male,1,0,7.925,S,NoCabin,Mr.,20.0
0,2,male,2,0,73.5,S,NoCabin,Mr.,32.0
0,2,male,0,0,13.0,S,NoCabin,Mr.,25.0
0,3,male,0,0,8.05,S,NoCabin,Mr.,43.0
1,2,female,1,1,39.0,S,NoCabin,Mrs.,40.0
0,1,male,1,0,52.0,S,B,Mr.,31.0
0,2,male,0,0,10.5,S,NoCabin,Mr.,70.0
1,2,male,0,0,13.0,S,NoCabin,Mr.,31.0
0,3,male,0,0,7.775,S,NoCabin,Mr.,18.0
0,3,male,0,0,8.05,S,NoCabin,Mr.,24.5
1,3,female,0,0,9.8417,S,NoCabin,Miss.,18.0
0,3,female,1,6,46.9,S,NoCabin,Mrs.,43.0
1,1,male,0,1,512.3292,C,B,Mr.,36.0
1,1,male,0,0,76.7292,C,D,Mr.,27.0
0,3,male,0,0,9.225,S,NoCabin,Mr.,20.0
0,3,male,5,2,46.9,S,NoCabin,Mr.,14.0
0,2,male,1,1,39.0,S,NoCabin,Mr.,60.0
0,2,male,1,2,41.5792,C,NoCabin,Mr.,25.0
0,3,male,4,1,39.6875,S,NoCabin,Mr.,14.0
0,3,male,0,0,10.1708,S,NoCabin,Mr.,19.0
0,3,male,0,0,7.7958,S,NoCabin,Mr.,18.0
1,1,female,0,1,211.3375,S,B,Miss.,15.0
1,1,male,1,0,57.0,S,B,Mr.,31.0
1,3,female,0,1,13.4167,C,NoCabin,Miss.,4.0
0,3,male,0,0,7.225,C,NoCabin,Mr.,25.0
0,1,male,0,0,26.55,S,NoCabin,Misc.,60.0
0,2,male,0,0,13.5,S,NoCabin,Mr.,52.0
0,3,male,0,0,8.05,S,NoCabin,Mr.,44.0
0,1,male,1,1,110.8833,C,C,Mr.,49.0
0,3,male,0,0,7.65,S,F,Mr.,42.0
1,1,female,1,0,227.525,C,C,Mrs.,18.0
1,1,male,0,0,26.2875,S,E,Mr.,35.0
0,3,female,0,1,14.4542,C,NoCabin,Miss.,18.0
0,3,male,0,0,7.7417,Q,NoCabin,Mr.,25.0
0,3,male,1,0,7.8542,S,NoCabin,Mr.,26.0
0,2,male,0,0,26.0,S,NoCabin,Mr.,39.0
1,2,female,0,0,13.5,S,NoCabin,Mrs.,45.0
1,1,male,0,0,26.2875,S,E,Mr.,42.0
1,1,female,0,0,151.55,S,NoCabin,Miss.,22.0
1,1,female,0,0,49.5042,C,C,Misc.,24.0
1,1,male,1,0,52.0,S,C,Mr.,48.0
0,3,male,0,0,9.4833,S,NoCabin,Mr.,29.0
0,2,male,0,0,13.0,S,NoCabin,Mr.,52.0
0,3,male,0,0,7.65,S,F,Mr.,19.0
1,1,female,0,0,227.525,C,C,Miss.,38.0
1,2,female,0,0,10.5,S,E,Miss.,27.0
0,3,male,0,0,7.775,S,NoCabin,Mr.,33.0
1,2,female,0,1,33.0,S,NoCabin,Miss.,6.0
0,3,male,1,0,7.0542,S,NoCabin,Mr.,17.0
0,2,male,0,0,13.0,S,NoCabin,Mr.,34.0
0,2,male,0,0,13.0,S,NoCabin,Mr.,50.0
1,1,male,1,0,53.1,S,E,Mr.,27.0
0,3,male,0,0,8.6625,S,NoCabin,Mr.,20.0
1,2,female,3,0,21.0,S,NoCabin,Mrs.,30.0
0,2,male,1,0,26.0,S,NoCabin,Mr.,25.0
0,3,female,1,0,7.925,S,NoCabin,Miss.,25.0
1,1,female,0,0,211.3375,S,B,Miss.,29.0
0,3,male,0,0,18.7875,C,NoCabin,Mr.,11.0
0,2,male,0,0,13.0,S,NoCabin,Mr.,23.0
0,2,male,0,0,13.0,S,NoCabin,Mr.,23.0
0,3,male,0,0,16.1,S,NoCabin,Mr.,28.5
0,3,female,1,3,34.375,S,NoCabin,Mrs.,48.0
1,1,male,0,0,512.3292,C,B,Mr.,35.0
0,1,male,1,0,78.85,S,C,Mr.,36.0
1,1,female,2,2,262.375,C,B,Miss.,21.0
0,3,male,1,0,16.1,S,NoCabin,Mr.,24.0
1,3,male,0,0,7.925,S,NoCabin,Mr.,31.0
0,1,male,1,1,71.0,S,B,Misc.,70.0
0,3,male,1,1,20.25,S,NoCabin,Mr.,16.0
1,2,female,0,0,13.0,S,NoCabin,Miss.,30.0
0,1,male,1,0,53.1,S,D,Mr.,19.0
0,3,male,0,0,7.75,Q,NoCabin,Mr.,31.0
1,2,female,1,1,23.0,S,NoCabin,Miss.,4.0
1,3,male,0,1,12.475,S,E,Master.,6.0
0,3,male,0,0,9.5,S,NoCabin,Mr.,33.0
0,3,male,0,0,7.8958,S,NoCabin,Mr.,23.0
1,2,female,1,2,65.0,S,NoCabin,Mrs.,48.0
1,2,male,1,1,14.5,S,NoCabin,Master.,0.67
0,3,male,0,0,7.7958,S,NoCabin,Mr.,28.0
0,2,male,0,0,11.5,S,NoCabin,Mr.,18.0
0,3,male,0,0,8.05,S,NoCabin,Mr.,34.0
1,1,female,0,0,86.5,S,B,Misc.,33.0
0,3,male,0,0,7.125,S,NoCabin,Mr.,41.0
1,3,male,0,0,7.2292,C,NoCabin,Mr.,20.0
1,1,female,1,2,120.0,S,B,Mrs.,36.0
0,3,male,0,0,7.775,S,NoCabin,Mr.,16.0
1,1,female,1,0,77.9583,S,D,Mrs.,51.0
0,3,female,0,0,7.75,Q,NoCabin,Miss.,30.5
0,3,male,0,0,8.3625,S,NoCabin,Mr.,32.0
0,3,male,0,0,9.5,S,NoCabin,Mr.,24.0
0,3,male,0,0,7.8542,S,NoCabin,Mr.,48.0
0,2,female,0,0,10.5,S,E,Mrs.,57.0
1,2,female,1,3,23.0,S,NoCabin,Mrs.,54.0
0,3,male,0,0,7.75,S,NoCabin,Mr.,18.0
1,3,female,0,0,12.475,S,NoCabin,Miss.,5.0
1,1,female,0,1,211.3375,S,B,Mrs.,43.0
1,3,female,0,0,7.2292,C,NoCabin,Miss.,13.0
1,1,female,1,0,57.0,S,B,Mrs.,17.0
0,1,male,0,0,30.0,S,D,Mr.,29.0
0,3,male,0,0,7.05,S,NoCabin,Mr.,25.0
0,3,male,0,0,7.25,S,NoCabin,Mr.,25.0
1,3,female,0,0,7.4958,S,NoCabin,Miss.,18.0
0,3,male,4,1,29.125,Q,NoCabin,Master.,8.0
1,3,male,1,2,20.575,S,NoCabin,Master.,1.0
0,1,male,0,0,79.2,C,B,Mr.,46.0
0,2,male,0,0,26.0,S,NoCabin,Mr.,16.0
0,3,male,0,0,7.8958,S,NoCabin,Mr.,25.0
0,2,male,0,0,13.0,S,NoCabin,Mr.,39.0
1,1,female,0,0,25.9292,S,D,Misc.,49.0
1,3,female,0,0,8.6833,S,NoCabin,Mrs.,31.0
0,3,male,0,0,7.2292,C,NoCabin,Mr.,30.0
0,3,female,1,1,24.15,S,NoCabin,Mrs.,30.0
0,2,male,0,0,13.0,S,NoCabin,Mr.,34.0
1,2,female,1,1,26.25,S,NoCabin,Mrs.,31.0
1,1,male,1,2,120.0,S,B,Master.,11.0
1,3,male,0,1,8.5167,C,NoCabin,Master.,0.42
1,3,male,0,0,6.975,S,NoCabin,Mr.,27.0
0,3,male,0,0,7.775,S,NoCabin,Mr.,31.0
0,1,male,0,0,0.0,S,A,Mr.,39.0
0,3,female,0,0,7.775,S,NoCabin,Miss.,18.0
0,2,male,0,0,13.0,S,NoCabin,Mr.,39.0
1,1,female,1,0,53.1,S,E,Mrs.,33.0
0,3,male,0,0,7.8875,S,NoCabin,Mr.,26.0
0,3,male,0,0,24.15,S,NoCabin,Mr.,39.0
0,2,male,0,0,10.5,S,NoCabin,Mr.,35.0
0,3,female,4,2,31.275,S,NoCabin,Miss.,6.0
0,3,male,0,0,8.05,S,NoCabin,Mr.,30.5
0,3,female,0,0,7.925,S,NoCabin,Miss.,23.0
0,2,male,1,1,37.0042,C,NoCabin,Mr.,31.0
0,3,male,0,0,6.45,S,NoCabin,Mr.,43.0
0,3,male,3,2,27.9,S,NoCabin,Master.,10.0
1,1,female,1,1,93.5,S,B,Mrs.,52.0
1,3,male,0,0,8.6625,S,NoCabin,Mr.,27.0
0,1,male,0,0,0.0,S,NoCabin,Misc.,38.0
1,3,female,0,1,12.475,S,E,Mrs.,27.0
0,3,male,4,1,39.6875,S,NoCabin,Master.,2.0
1,2,male,0,2,37.0042,C,NoCabin,Master.,1.0
1,1,female,0,0,80.0,S,B,Mrs.,62.0
1,3,female,1,0,14.4542,C,NoCabin,Mrs.,15.0
1,2,male,1,1,18.75,S,NoCabin,Master.,0.83
0,3,male,0,0,7.8542,S,NoCabin,Mr.,23.0
0,3,male,0,0,8.3,S,NoCabin,Mr.,18.0
1,1,female,1,1,83.1583,C,E,Miss.,39.0
0,3,male,0,0,8.6625,S,NoCabin,Mr.,21.0
1,3,male,0,0,56.4958,S,NoCabin,Mr.,32.0
0,3,male,0,0,7.925,S,NoCabin,Mr.,20.0
0,2,male,0,0,10.5,S,NoCabin,Mr.,16.0
1,1,female,0,0,31.0,C,NoCabin,Miss.,30.0
0,3,male,0,0,6.4375,C,NoCabin,Mr.,34.5
0,3,male,0,0,8.6625,S,NoCabin,Mr.,17.0
0,3,male,0,0,7.55,S,NoCabin,Mr.,42.0
0,3,male,0,0,7.8958,C,NoCabin,Mr.,35.0
0,2,male,0,1,33.0,S,NoCabin,Misc.,28.0
0,3,male,4,2,31.275,S,NoCabin,Master.,4.0
0,3,male,0,0,7.775,S,NoCabin,Mr.,74.0
0,3,female,1,1,15.2458,C,NoCabin,Miss.,9.0
1,1,female,0,1,39.4,S,D,Miss.,16.0
0,2,female,1,0,26.0,S,NoCabin,Mrs.,44.0
1,3,female,0,1,9.35,S,NoCabin,Mrs.,18.0
1,1,female,1,1,164.8667,S,NoCabin,Mrs.,45.0
1,1,male,0,0,26.55,S,E,Mr.,51.0
1,3,female,0,3,19.2583,C,NoCabin,Mrs.,24.0
0,3,male,2,0,14.1083,S,NoCabin,Mr.,41.0
0,2,male,1,0,11.5,S,NoCabin,Mr.,21.0
1,1,female,0,0,25.9292,S,D,Mrs.,48.0
0,2,male,0,0,13.0,S,NoCabin,Mr.,24.0
1,2,female,0,0,13.0,S,NoCabin,Mrs.,42.0
1,2,female,1,0,13.8583,C,NoCabin,Miss.,27.0
0,1,male,0,0,50.4958,S,A,Mr.,31.0
1,3,male,1,1,11.1333,S,NoCabin,Master.,4.0
0,3,male,0,0,7.8958,S,NoCabin,Mr.,26.0
1,1,female,1,1,52.5542,S,D,Mrs.,47.0
0,1,male,0,0,5.0,S,B,Mr.,33.0
0,3,male,0,0,9.0,S,NoCabin,Mr.,47.0
1,2,female,1,0,24.0,C,NoCabin,Mrs.,28.0
1,3,female,0,0,7.225,C,NoCabin,Miss.,15.0
0,3,male,0,0,9.8458,S,NoCabin,Mr.,20.0
0,3,male,0,0,7.8958,S,NoCabin,Mr.,19.0
1,1,female,0,1,83.1583,C,C,Mrs.,56.0
1,2,female,0,1,26.0,S,NoCabin,Mrs.,25.0
0,3,male,0,0,7.8958,S,NoCabin,Mr.,33.0
0,3,female,0,0,10.5167,S,NoCabin,Miss.,22.0
0,2,male,0,0,10.5,S,NoCabin,Mr.,28.0
0,3,male,0,0,7.05,S,NoCabin,Mr.,25.0
0,3,female,0,5,29.125,Q,NoCabin,Mrs.,39.0
0,2,male,0,0,13.0,S,NoCabin,Misc.,27.0
1,1,female,0,0,30.0,S,B,Miss.,19.0
1,1,male,0,0,30.0,C,C,Mr.,26.0
0,3,male,0,0,7.75,Q,NoCabin,Mr.,32.0
0,3,male,0,0,8.4583,Q,NoCabin,Mr.,33.82419230276628
1,2,male,0,0,13.0,S,NoCabin,Mr.,33.152833055159135
1,3,female,0,0,7.225,C,NoCabin,Mrs.,29.563213430843064
0,3,male,0,0,7.225,C,NoCabin,Mr.,29.95347536385725
1,3,female,0,0,7.8792,Q,NoCabin,Miss.,21.169071898958975
0,3,male,0,0,7.8958,S,NoCabin,Mr.,29.670804202833096
1,1,female,1,0,146.5208,C,B,Mrs.,40.27803218340665
1,3,female,0,0,7.75,Q,NoCabin,Miss.,22.1125793797724
1,3,male,0,0,7.2292,C,NoCabin,Mr.,28.624852469262805
0,3,male,0,0,7.8958,C,NoCabin,Mr.,28.883750216925364
0,3,male,0,0,8.05,S,NoCabin,Mr.,29.85441373638605
0,3,male,1,0,15.5,Q,NoCabin,Mr.,33.430951508226826
1,3,female,0,0,7.75,Q,NoCabin,Miss.,22.1125793797724
0,3,male,2,0,21.6792,C,NoCabin,Mr.,25.57565846844136
1,1,male,0,0,35.5,S,C,Mr.,41.757445677943
0,1,male,0,0,27.7208,C,NoCabin,Mr.,44.593314829045084
1,3,male,1,1,15.2458,C,NoCabin,Master.,3.612046249465095
0,3,male,0,0,7.8958,S,NoCabin,Mr.,29.670804202833096
0,3,male,0,0,8.05,S,NoCabin,Mr.,29.85441373638605
1,3,female,0,0,7.7875,Q,NoCabin,Miss.,21.24936370163374
0,3,male,0,0,8.05,S,NoCabin,Mr.,29.85441373638605
0,3,male,0,0,8.05,S,NoCabin,Mr.,29.85441373638605
0,3,male,0,0,7.8958,S,NoCabin,Mr.,29.670804202833096
1,3,male,0,0,7.775,S,NoCabin,Mr.,28.948183089603845
1,3,female,1,0,24.15,Q,NoCabin,Miss.,17.54221684752298
0,3,male,0,0,8.05,S,NoCabin,Mr.,29.85441373638605
0,3,male,0,0,7.75,Q,NoCabin,Mr.,35.24071566639668
1,3,female,1,1,22.3583,C,F,Miss.,9.531219052947165
0,3,female,0,2,15.2458,C,NoCabin,Mrs.,31.01813611806898
0,3,male,0,0,7.3125,S,NoCabin,Mr.,30.642960719414077
0,3,male,0,0,8.6625,S,NoCabin,Mr.,29.478040680995036
0,3,male,8,2,69.55,S,NoCabin,Master.,4.626447697174228
1,1,female,0,1,55.0,S,E,Mrs.,41.77069060010359
0,1,male,0,0,25.925,S,NoCabin,Mr.,44.97546064807466
0,3,male,3,1,25.4667,S,NoCabin,Master.,4.471392402829736
0,3,female,8,2,69.55,S,NoCabin,Miss.,8.131024583290639
0,2,male,0,0,15.05,C,NoCabin,Mr.,32.00973788571628
0,1,male,0,0,50.0,S,A,Mr.,43.23041578764514
1,3,female,1,0,15.5,Q,NoCabin,Mrs.,31.890910735022374
0,3,male,0,0,7.75,Q,NoCabin,Mr.,35.24071566639668
1,3,female,0,0,7.75,Q,NoCabin,Miss.,22.1125793797724
0,3,male,8,2,69.55,S,NoCabin,Mr.,20.508201834833017
0,3,male,1,0,7.75,Q,NoCabin,Mr.,34.435893740344
0,3,male,0,0,7.8958,S,NoCabin,Mr.,29.670804202833096
0,3,female,3,1,25.4667,S,NoCabin,Miss.,9.021355550136434
0,3,female,0,0,7.55,S,NoCabin,Miss.,23.712394479301622
0,3,female,1,0,14.4542,C,NoCabin,Miss.,16.683464089018855
1,3,female,1,0,15.5,Q,NoCabin,Miss.,18.104729421934792
0,3,male,0,0,7.25,S,NoCabin,Mr.,30.642960719414077
1,1,female,0,0,79.2,C,NoCabin,Mrs.,41.242919570111155
0,3,male,0,0,7.75,Q,NoCabin,Mr.,35.24071566639668
0,3,female,0,0,7.75,Q,NoCabin,Miss.,24.017639610759545
0,1,male,0,0,31.0,S,NoCabin,Mr.,45.04438644601396
1,3,female,0,0,7.75,Q,NoCabin,Miss.,22.1125793797724
0,2,male,0,0,0.0,S,NoCabin,Mr.,34.66809115706474
0,1,male,0,0,26.0,S,A,Mr.,44.20614468828262
0,1,male,0,0,27.7208,C,NoCabin,Mr.,44.593314829045084
1,1,male,0,0,30.5,S,C,Mr.,41.96598153544164
1,3,female,0,0,7.75,Q,NoCabin,Miss.,22.1125793797724
1,3,male,2,0,23.25,Q,NoCabin,Mr.,29.599728490312373
1,2,female,0,0,12.35,Q,E,Miss.,29.51818352198785
0,3,male,0,0,8.05,S,NoCabin,Mr.,29.85441373638605
1,1,female,0,0,110.8833,C,NoCabin,Miss.,31.907779101449307
0,3,male,8,2,69.55,S,NoCabin,Mr.,20.508201834833017
1,3,female,2,0,23.25,Q,NoCabin,Miss.,16.002012453510872
1,1,female,1,0,133.65,S,NoCabin,Mrs.,40.63287731390352
0,3,male,0,0,7.8958,S,NoCabin,Mr.,29.670804202833096
1,3,female,1,0,16.1,S,NoCabin,Mrs.,30.701531550974835
0,1,male,0,0,35.0,S,C,Mr.,43.78784166538662
0,3,male,0,0,7.225,C,NoCabin,Mr.,29.95347536385725
1,3,female,0,0,7.8792,Q,NoCabin,Miss.,21.169071898958975
1,3,female,0,0,7.8792,Q,NoCabin,Miss.,21.169071898958975
0,3,male,1,0,15.5,Q,NoCabin,Mr.,33.430951508226826
1,3,female,0,0,7.2292,C,NoCabin,Mrs.,29.435822689472445
1,3,female,0,0,7.75,Q,NoCabin,Miss.,22.1125793797724
1,1,female,1,0,82.1708,C,NoCabin,Mrs.,40.488316532500505
0,3,male,0,0,7.8958,S,NoCabin,Mr.,29.670804202833096
0,3,male,0,0,7.7292,Q,NoCabin,Mr.,33.94321562368623
0,3,female,3,1,25.4667,S,NoCabin,Miss.,9.021355550136434
0,3,male,0,0,7.8958,S,NoCabin,Mr.,29.670804202833096
0,3,male,0,0,6.8583,Q,NoCabin,Mr.,33.446058802698644
0,2,male,0,0,0.0,S,NoCabin,Mr.,34.66809115706474
0,3,female,0,0,8.05,S,NoCabin,Mrs.,32.852781492209544
0,3,male,0,0,7.8958,C,NoCabin,Mr.,28.883750216925364
0,3,male,0,0,7.25,S,NoCabin,Mr.,30.642960719414077
0,3,male,0,0,7.75,Q,NoCabin,Mr.,35.24071566639668
1,3,female,1,0,16.1,S,NoCabin,Mrs.,30.701531550974835
1,3,male,0,0,8.1125,S,NoCabin,Mr.,28.897349335493345
0,3,male,1,0,19.9667,S,NoCabin,Mr.,28.68795701702038
0,3,male,0,0,8.05,S,NoCabin,Mr.,29.85441373638605
1,1,female,1,0,51.8625,S,D,Mrs.,40.94522752876907
0,3,male,0,0,7.75,Q,NoCabin,Mr.,35.24071566639668
0,3,male,0,0,8.05,S,NoCabin,Mr.,29.85441373638605
0,2,male,0,0,0.0,S,NoCabin,Mr.,34.66809115706474
0,3,male,0,0,7.725,Q,NoCabin,Mr.,33.94321562368623
0,3,male,0,0,7.25,S,NoCabin,Mr.,30.642960719414077
0,1,male,0,0,52.0,S,A,Mr.,43.03534027478145
0,2,male,0,0,0.0,S,NoCabin,Mr.,34.66809115706474
0,3,female,3,1,25.4667,S,NoCabin,Miss.,9.021355550136434
0,3,male,1,0,19.9667,S,NoCabin,Mr.,28.68795701702038
0,3,male,0,0,14.4583,C,NoCabin,Mr.,28.71856710492193
0,3,male,0,0,15.1,S,NoCabin,Mr.,29.77915838111221
0,3,female,0,0,7.6292,Q,NoCabin,Miss.,23.388367756695118
1,1,male,0,0,26.55,S,NoCabin,Mr.,43.06122788461289
0,3,male,0,0,8.05,S,NoCabin,Mr.,29.85441373638605
0,3,male,0,0,24.15,Q,NoCabin,Mr.,33.834370796203984
0,3,male,0,0,7.225,C,NoCabin,Mr.,29.95347536385725
0,3,male,0,0,7.2292,C,NoCabin,Mr.,29.80678007689039
0,1,male,0,0,221.7792,S,C,Mr.,39.280075386198405
0,3,male,0,0,7.2292,C,NoCabin,Mr.,29.80678007689039
1,3,female,0,2,22.3583,C,NoCabin,Mrs.,29.82694291811964
0,3,male,0,0,14.5,S,NoCabin,Mr.,29.77915838111221
1,2,male,0,0,13.8625,C,NoCabin,Mr.,30.620179878241288
0,3,male,0,0,7.8292,Q,NoCabin,Mr.,33.904269004399794
0,1,male,0,0,227.525,C,NoCabin,Mr.,40.299646787893835
0,3,male,0,0,7.75,Q,NoCabin,Mr.,35.24071566639668
0,3,male,0,0,8.05,S,NoCabin,Mr.,29.85441373638605
0,3,female,0,0,8.05,S,NoCabin,Miss.,22.800756743494787
0,3,male,0,0,7.2292,C,NoCabin,Mr.,29.80678007689039
1,3,female,0,0,7.75,Q,NoCabin,Miss.,22.1125793797724
0,3,female,1,0,14.4583,C,NoCabin,Mrs.,29.94422212963724
0,3,male,0,0,8.7125,C,NoCabin,Mr.,28.533065064663788
0,3,male,0,0,8.05,S,NoCabin,Mr.,29.85441373638605
0,3,female,0,2,7.75,Q,NoCabin,Miss.,18.368497347360574
1,2,female,0,0,33.0,S,NoCabin,Miss.,24.649579381872684
0,3,male,0,0,7.225,C,NoCabin,Mr.,29.95347536385725
0,3,male,0,0,7.8958,S,NoCabin,Mr.,29.670804202833096
0,1,male,0,0,42.4,S,NoCabin,Mr.,43.65926605312052
0,3,male,0,0,7.05,S,NoCabin,Mr.,31.045609140651322
1,3,female,1,0,15.5,Q,NoCabin,Miss.,18.104729421934792
0,3,male,0,0,7.75,Q,NoCabin,Mr.,35.24071566639668
0,3,male,0,0,7.7333,Q,NoCabin,Mr.,33.94321562368623
0,1,male,0,0,0.0,S,NoCabin,Mr.,39.709380744377086
0,3,male,1,0,16.1,S,NoCabin,Mr.,28.916538290017343
1,3,male,0,0,56.4958,S,NoCabin,Mr.,29.247073291764536
0,3,male,0,0,7.55,S,NoCabin,Mr.,30.576882687862053
0,3,male,0,0,7.8958,S,NoCabin,Mr.,29.670804202833096
1,3,female,0,0,7.8292,Q,NoCabin,Miss.,21.18340173845678
0,3,male,0,0,7.8958,S,NoCabin,Mr.,29.670804202833096
0,3,male,0,0,7.775,S,NoCabin,Mr.,29.950616874142725
1,1,female,1,0,52.0,S,C,Mrs.,40.078113116636416
0,2,male,0,0,0.0,S,NoCabin,Mr.,34.66809115706474
0,3,female,0,0,8.1375,Q,NoCabin,Miss.,22.494959566687214
1,3,male,0,0,56.4958,S,NoCabin,Mr.,29.247073291764536
1,3,female,0,0,7.7333,Q,NoCabin,Miss.,21.457690489088748
1,3,male,1,1,15.2458,C,NoCabin,Master.,3.612046249465095
0,1,male,0,0,26.55,S,C,Mr.,43.99637752288527
0,3,male,0,0,15.5,Q,NoCabin,Mr.,33.915456395740875
1,3,female,0,0,7.7375,Q,NoCabin,Miss.,21.457690489088748
0,2,male,0,0,0.0,S,NoCabin,Mr.,34.66809115706474
0,3,male,0,0,7.8958,S,NoCabin,Mr.,29.670804202833096
0,3,male,0,0,7.8958,S,NoCabin,Mr.,29.670804202833096
1,1,male,0,0,30.0,S,D,Mr.,43.30247476286877
0,3,male,0,0,14.5,S,NoCabin,Mr.,29.77915838111221
0,1,male,0,0,39.6,C,NoCabin,Misc.,45.839171659273745
0,3,male,1,0,24.15,Q,NoCabin,Mr.,33.349865908689935
0,3,male,0,0,7.225,C,NoCabin,Mr.,29.95347536385725
0,3,male,0,0,7.75,Q,F,Mr.,33.717421138308964
0,3,male,0,0,7.7375,Q,NoCabin,Mr.,33.94321562368623
0,3,male,1,2,23.45,S,NoCabin,Mr.,29.71515840374923
0,3,male,0,0,7.75,Q,NoCabin,Mr.,35.24071566639668
0,3,female,8,2,69.55,S,NoCabin,Miss.,8.131024583290639
0,1,male,0,0,30.6958,C,NoCabin,Mr.,44.593314829045084
0,1,male,0,0,0.0,S,B,Mr.,40.86859157045819
0,3,male,0,0,6.95,Q,NoCabin,Mr.,33.446058802698644
0,3,male,0,0,56.4958,S,NoCabin,Mr.,30.199251601436117
1,3,male,0,0,7.75,Q,NoCabin,Mr.,33.90465153888999
0,3,male,0,0,7.2292,C,NoCabin,Mr.,29.80678007689039
0,3,male,0,0,8.05,S,NoCabin,Mr.,29.85441373638605
1,1,male,0,0,29.7,C,C,Mr.,41.098099266647296
0,3,male,8,2,69.55,S,NoCabin,Mr.,20.508201834833017
1,1,female,1,0,89.1042,C,C,Mrs.,38.895129660835266
0,3,male,0,0,7.2292,C,NoCabin,Mr.,29.80678007689039
0,3,female,8,2,69.55,S,NoCabin,Miss.,8.131024583290639
0,3,male,0,0,9.5,S,NoCabin,Mr.,29.478040680995036
0,3,male,0,0,7.8958,S,NoCabin,Mr.,29.670804202833096
0,3,female,1,2,23.45,S,NoCabin,Miss.,12.53698167251838
